{"type": "block", "layer": 0, "block": 0, "features": [{"geom": {"polygons": [[[[-8.374139713120249, 4.148659242319887], [-8.384421139670838, 4.1401350070856875], [-8.389899077560486, 4.146742170515655], [-8.379793876704678, 4.155478958716925], [-8.374139713120249, 4.148659242319887]]], [[[-8.282178783338463, 4.224663849116146], [-8.291490295994624, 4.216967816590029], [-8.296608792045712, 4.223160740240724], [-8.287843062643564, 4.231518761117865], [-8.282178783338463, 4.224663849116146]]], [[[-10.341035564790424, 4.22713057707265], [-10.29923748282991, 4.176696094080246], [-10.304550321384992, 4.172164555243368], [-10.337654626986387, 4.21210841792391], [-10.427508202415265, 4.137626830073276], [-10.341505671808953, 4.033857425773811], [-10.251646239303309, 4.108329328470909], [-10.272583572757926, 4.13359277466413], [-10.267348964311108, 4.138218707675182], [-10.242679170129682, 4.108451592391574], [-10.342941510485126, 4.025370426775833], [-10.449863051026515, 4.15440332850741], [-10.250840954418539, 4.319325214866468], [-10.242509861384669, 4.308772497026907], [-10.341035564790424, 4.22713057707265]]], [[[-10.425600812956953, 4.339426507917367], [-10.53088905185955, 4.25221976339986], [-10.539489549367802, 4.262600891711895], [-10.434202958632893, 4.349811593456251], [-10.425600812956953, 4.339426507917367]]], [[[-10.642629429316363, 4.176354612827425], [-10.74089590759087, 4.2952737261248535], [-10.641257821049487, 4.3774368262415475], [-10.617828674490076, 4.349024556636492], [-10.622210365133638, 4.345700515662618], [-10.642417478381223, 4.370205460687634], [-10.733213085674741, 4.295318772532096], [-10.647249772124063, 4.191283664088725], [-10.557088898953564, 4.2667422189025315], [-10.589774213897485, 4.306365550018545], [-10.58557390973805, 4.309909556653069], [-10.543674759712452, 4.259098916211117], [-10.642629429316363, 4.176354612827425]]], [[[-8.589387894807537, 4.408278817289596], [-8.409964809415705, 4.191869346096242], [-8.42040639937104, 4.183538290313345], [-8.43731478325691, 4.203930151406695], [-8.487730336937654, 4.162153083057753], [-8.492227093690774, 4.166649839610333], [-8.452179477716303, 4.199841997452685], [-8.514075909298974, 4.2745133612286885], [-8.597388557343855, 4.2054954056394624], [-8.535491040569559, 4.130798981933534], [-8.531503723654394, 4.134103089273329], [-8.527673429831534, 4.129054065490633], [-8.536307646442115, 4.121899284233679], [-8.604755663900743, 4.204488380397348], [-8.613661252017746, 4.215229771974581], [-8.682135855944273, 4.29787722813462], [-8.672501075105437, 4.305861249210952], [-8.668485043653812, 4.300506540307969], [-8.671626962649858, 4.297902937023676], [-8.610119052481718, 4.223677778174829], [-8.527938503366045, 4.291776395013616], [-8.589471150789429, 4.3659809988439955], [-8.628683521114521, 4.333488732897763], [-8.632594680339128, 4.338930345771237], [-8.583186788125113, 4.379873016619875], [-8.599697492621939, 4.399788560260078], [-8.589387894807537, 4.408278817289596]]], [[[-10.087377620555982, 4.437321732384626], [-9.863124771778436, 4.166665728781091], [-9.863460188040897, 4.166387244995428], [-9.873553894990184, 4.158023344580629], [-9.999165414635458, 4.3096080130592105], [-10.096277291583533, 4.228982866571569], [-10.120070912071983, 4.257643432733804], [-10.115402519816708, 4.261899908056343], [-10.095637735038377, 4.238092269418915], [-10.006845347018933, 4.311806528271756], [-10.092583389076449, 4.415104596220339], [-10.181446882591471, 4.341446029532184], [-10.148648521112447, 4.301946323526609], [-10.153418561705752, 4.297812288402566], [-10.195119442232453, 4.348043013969966], [-10.201098751739545, 4.343087308244414], [-10.209413771904707, 4.353654313111802], [-10.090280407236346, 4.452375508236729], [-10.081843125406632, 4.441907028842221], [-10.087377620555982, 4.437321732384626]]], [[[-8.620214765117822, 4.445460357846879], [-8.630218022836495, 4.436600611342683], [-8.634936429064583, 4.442291672796122], [-8.907017049124239, 4.217536815073534], [-8.915242522655447, 4.227457456644713], [-8.643571746609469, 4.452707080128254], [-8.647587230877846, 4.457550318789472], [-8.637532609026483, 4.466348112859278], [-8.620214765117822, 4.445460357846879]]], [[[-9.140655754532062, 4.547456857836766], [-9.164290163044802, 4.52785714191037], [-9.17270218816117, 4.538003652344002], [-9.148570648425425, 4.558010049861699], [-9.140655754532062, 4.547456857836766]]], [[[-8.131561444649577, 4.596307197293193], [-8.30455225558277, 4.453246940828004], [-8.236289570604677, 4.370616531978088], [-8.24536426406533, 4.363120740344721], [-8.249672806476067, 4.367634451456001], [-8.244843470350432, 4.3716235337565985], [-8.306289016919639, 4.446011874642795], [-8.389025123835175, 4.3776699493681255], [-8.32818208919433, 4.302784964028408], [-8.288748201101292, 4.335357767487578], [-8.284622037865569, 4.330693409217224], [-8.335242599260479, 4.2888802968638435], [-8.317481620546834, 4.267387352565576], [-8.32692102031644, 4.259835832669673], [-8.506890216099055, 4.477582506717201], [-8.497654617874057, 4.485432765403982], [-8.480280214349312, 4.464405327854298], [-8.429287070696123, 4.506497765875432], [-8.424994542294545, 4.501085447310006], [-8.465668644885533, 4.467512997510701], [-8.404748252400873, 4.3937805297991295], [-8.320759014875701, 4.463118119821034], [-8.38163990994476, 4.536872654750182], [-8.386198517607074, 4.53310973881849], [-8.390376280965183, 4.538616790476799], [-8.381108084075017, 4.5462672502689605], [-8.313057803360907, 4.463830203866399], [-8.140193040756765, 4.606749241128864], [-8.131561444649577, 4.596307197293193]]], [[[-8.89074700648923, 4.771760282861278], [-8.667326340207776, 4.502283542084069], [-8.677888148288238, 4.494097485851283], [-8.694839197827847, 4.514543854297644], [-8.74582591706638, 4.472614846987943], [-8.74970181109767, 4.477371625983047], [-8.709281728277768, 4.510893538390703], [-8.771104246152639, 4.5854837666327155], [-8.853272671855395, 4.517391174224349], [-8.791405561954974, 4.4427917472473375], [-8.786983388173825, 4.446458521166991], [-8.78267492763502, 4.442309633281591], [-8.793691862426916, 4.433249130587832], [-8.831394662060548, 4.479096172308701], [-9.005299342368362, 4.33608381869371], [-9.009299051525165, 4.340907610841283], [-8.835025953798697, 4.485423105318402], [-8.860806073588412, 4.516508446014048], [-8.86180437011962, 4.5156803472878275], [-8.87001247156033, 4.525580471743283], [-8.771622691501824, 4.607154525933897], [-8.892647256143682, 4.753127168901673], [-9.099323755532074, 4.58173296193092], [-9.107758688544848, 4.591845449338376], [-8.89074700648923, 4.771760282861278]]], [[[-9.920466457466887, 4.784150979507781], [-9.816739476664743, 4.6592013105904835], [-9.81216109931276, 4.662997221962877], [-9.804431623080834, 4.653668543926541], [-9.809004196901189, 4.649877447104944], [-9.59340684682356, 4.390173673698636], [-9.601886398433917, 4.383134437349126], [-9.727380630297338, 4.53408976798237], [-9.826859818412952, 4.451657551873274], [-9.850237391020912, 4.479871965249693], [-9.845935665137734, 4.484050784770743], [-9.825993417410794, 4.459982467712632], [-9.735240591885763, 4.535177394710831], [-9.821659876987981, 4.639485222213426], [-9.91241575182879, 4.56428610846621], [-9.878453111340052, 4.523296119853364], [-9.882959839923805, 4.5193647182076475], [-9.92587051809754, 4.571153654414756], [-10.039970907686408, 4.476603931494521], [-10.040255212852077, 4.476368345491824], [-10.049248527419058, 4.486377034332633], [-10.048349255463652, 4.487122226022852], [-10.028161698076115, 4.503850871141058], [-10.111037784383619, 4.601582952877511], [-10.383280670447537, 4.376093230558345], [-10.391655528364824, 4.385266149779447], [-10.385826485284754, 4.390092884002104], [-10.427092884012168, 4.4399178949995015], [-10.423623047981811, 4.4432939514717225], [-10.390572847442947, 4.403392523318407], [-10.299704397344522, 4.478658833013599], [-10.385934241679884, 4.582757729266505], [-10.476800264899772, 