{"type": "block", "layer": 3, "block": 0, "features": [{"geom": {"polygons": [[[[-10.83739614763804, 4.378452010801111], [-10.982015571386105, 4.259196609026913], [-10.990349168326057, 4.269302650110328], [-10.845734644792248, 4.388563992638118], [-10.884222864519433, 4.435238141346906], [-10.133422185346147, 5.057139311902168], [-10.0703081773305, 4.9811130902144525], [-9.947419526531293, 5.08084880680148], [-9.96868015349348, 5.1056714239900485], [-9.823751690345183, 5.225888582396797], [-9.80126662924209, 5.199396282651731], [-9.732030450991951, 5.2575012424965175], [-9.79547839569061, 5.3360876442111564], [-9.154876778619958, 5.8680485699028075], [-7.979865367707456, 4.44659198434547], [-8.65931493688768, 3.8850220177622745], [-9.274203439550016, 4.626695097287167], [-10.219911752229855, 3.8430573240675328], [-10.5422718362094, 4.232204718241016], [-10.645569542671856, 4.145826463710319], [-10.83739614763804, 4.378452010801111]], [[-10.853940124281886, 4.4323609292916455], [-10.642750140772517, 4.176253673160388], [-10.539489549443005, 4.262600891762032], [-10.217067799023066, 3.873379054946969], [-9.271366177079804, 4.657011284038144], [-8.656460413077166, 3.91531738407531], [-8.01018262674006, 4.449470632994901], [-9.157723453366524, 5.837694994101379], [-9.765382661162963, 5.33308971984117], [-9.702003890073124, 5.254588996324319], [-9.803827087372863, 5.1691360880285515], [-9.82639145551596, 5.195721828763997], [-9.938095230479444, 5.1030643195150835], [-9.916681528715065, 5.078062981518237], [-10.073273811866223, 4.950973592263596], [-10.136251110347244, 5.026835135658057], [-10.853940124281886, 4.4323609292916455]]]], "centroids": [[-9.442604433922986, 4.687925054558721, 7.348206723931261]], "h": 0.13458254073134177}, "mtl": {"face": 0, "edge": 1}}]}