{"type": "block", "layer": 4, "block": 0, "features": [{"geom": {"polygons": [[[[-10.845734644792248, 4.388563992638118], [-10.884222864519433, 4.435238141346906], [-10.133422185346147, 5.057139311902168], [-10.0703081773305, 4.9811130902144525], [-9.947419526531293, 5.08084880680148], [-9.96868015349348, 5.1056714239900485], [-9.823751690345183, 5.225888582396797], [-9.80126662924209, 5.199396282651731], [-9.732030450991951, 5.2575012424965175], [-9.79547839569061, 5.3360876442111564], [-9.154876778619958, 5.8680485699028075], [-7.979865367707456, 4.44659198434547], [-8.65931493688768, 3.8850220177622745], [-9.274203439550016, 4.626695097287167], [-10.219911752229855, 3.8430573240675328], [-10.5422718362094, 4.232204718241016], [-10.645569542671856, 4.145826463710319], [-10.83739614763804, 4.378452010801111], [-10.982015561841486, 4.25919659744552], [-10.990349169147034, 4.269302649408424], [-10.845734644792248, 4.388563992638118]]]], "centroids": [[-9.372877828278147, 4.741593768577282, 7.294373707638724]], "h": 0.059216317921790385}, "mtl": {"face": 0, "edge": 1}}]}