{"type": "block", "layer": 12, "block": 0, "features": [{"geom": {"triangles": {"v": [-22.32355245862707, 18.203093427667334, 7.42734125788129, 4.434821202281958, -8.25583408011431, 7.42734125788129, 4.434821202281958, 18.203093427667334, 7.42734125788129, -22.32355245862707, -8.25583408011431, 7.42734125788129], "f": [0, 1, 2, 0, 3, 1]}, "centroids": [[-8.944263421940995, 4.966356509218085, 7.42734125788129]]}, "mtl": 0}, {"geom": {"triangles": {"v": [-22.32355245862707, 18.203093427667334, 7.42734125788129, 4.434821202281958, -8.25583408011431, 7.42734125788129, 4.434821202281958, 18.203093427667334, 7.42734125788129, -22.32355245862707, -8.25583408011431, 7.42734125788129], "f": [0, 1, 2, 0, 3, 1]}, "centroids": [[-8.944263421940995, 4.966356509218085, 7.42734125788129]]}, "mtl": 0}]}